Condition,mean,std,sem,count
A,0.3173388766688279,0.09897844110121752,0.018070908299277773,30
B,0.31712644979628934,0.10098312017916668,0.018436910949794907,30
C,0.28686252629625175,0.09274237070803337,0.01693236282443208,30
