Condition,mean,std,sem,count
A,0.28323430756186196,0.110876139347476,0.026133756668128286,18
B,0.294062228010582,0.11360107890742414,0.026776031081849228,18
C,0.2253278078417932,0.06270261312412972,0.014779147646062913,18
