Condition,mean,std,sem,count
<<<<<<< HEAD
A,0.10895153503036781,0.05823705494476416,0.013726605489258765,18
B,0.11595194858137117,0.053618745861363004,0.012638059599095969,18
C,0.09661748645736175,0.046012463360296886,0.010845241620387828,18
=======
A,0.28323430756186196,0.110876139347476,0.026133756668128286,18
B,0.294062228010582,0.11360107890742414,0.026776031081849228,18
C,0.2253278078417932,0.06270261312412972,0.014779147646062913,18
>>>>>>> d16239b267f6cf61dfced23b8fca90e33e6f3ec3
