Condition,mean,std,sem,count
A,0.3173388766942596,0.09897844110417088,0.018070908299816977,30
B,0.317126449787507,0.10098312017346942,0.018436910948754732,30
C,0.2868625263258255,0.09274237068257811,0.016932362819784608,30
