Condition,mean,std,sem,count
A,0.10895153503036781,0.05823705494476416,0.013726605489258765,18
B,0.11595194858137117,0.053618745861363004,0.012638059599095969,18
C,0.09661748645736175,0.046012463360296886,0.010845241620387828,18
