Correct_Char,Condition,mean,std,count
乎,A,0.38397381826936966,0.0856659027697332,10
乎,B,0.37216135496660785,0.08918665717493389,10
乎,C,0.32612484609244363,0.09067591720055816,10
刁,A,0.28502021978916325,0.07934605592635809,10
刁,B,0.274495025515527,0.10654695442801813,10
刁,C,0.266487485162172,0.08508601274005956,10
爻,A,0.28302259194795076,0.1026168963072603,10
爻,B,0.3047229689067331,0.08942423970058758,10
爻,C,0.2679752476341395,0.09840025698466004,10
