Correct_Char,Condition,mean,std,count
乎,A,0.38397381826936966,0.0856659027697332,10
乎,B,0.37216135496660785,0.08918665717493389,10
乎,C,0.32612484616524534,0.09067591719641169,10
刁,A,0.2850202198322243,0.07934605600223417,10
刁,B,0.274495025515527,0.10654695442801813,10
刁,C,0.266487485162172,0.08508601274005956,10
爻,A,0.28302259198118473,0.10261689628518726,10
爻,B,0.304722968880386,0.08942423967579631,10
爻,C,0.26797524765005903,0.09840025688229391,10
