Correct_Char,Condition,mean,std,count
乎,A,0.16971554517932938,0.06127388124766837,6
乎,B,0.16585547712327806,0.05209402979119226,6
乎,C,0.1286618066190477,0.036550899834148096,6
刁,A,0.08191072608498516,0.015212191235979075,6
刁,B,0.07218450979725279,0.0068716069562025205,6
刁,C,0.062251563069664416,0.01818784395370755,6
爻,A,0.0752283338267889,0.029538394596792864,6
爻,B,0.10981585882358265,0.041006924011490885,6
爻,C,0.09893908968337317,0.053624986127060424,6
