Correct_Char,Condition,mean,std,count
乎,A,0.3959409346961839,0.10455785139976452,6
乎,B,0.39516558270083374,0.07925435427109744,6
乎,C,0.3049080910294793,0.07800172303659228,6
刁,A,0.28510900181728493,0.08367007015632041,6
刁,B,0.2575549483233899,0.08577331074991808,6
刁,C,0.30466207865065414,0.07972349954588394,6
爻,A,0.3104517406282597,0.12742458290614514,6
爻,B,0.34383686093496996,0.07125603321249058,6
爻,C,0.2673835477106083,0.12960700075822962,6
