Correct_Char,Condition,mean,std,count
乎,A,0.40034847654842803,0.0663582544308629,6
乎,B,0.39797743014860315,0.06427612556730575,6
乎,C,0.26814764035267646,0.06111794562572387,6
刁,A,0.21430974129593625,0.09674321539670633,6
刁,B,0.20165876744984423,0.06752791914077495,6
刁,C,0.2069487846732028,0.04335424270864517,6
爻,A,0.2350447048412216,0.05557895120239995,6
爻,B,0.2825504864332988,0.10873412763794234,6
爻,C,0.20088699849950045,0.0665589277575438,6
