Subject_ID,A,B,C
2,0.2584271357958818,0.33006964048897397,0.2479309891151987
3,0.22981926665146288,0.22101233902051118,0.16884236832995944
4,0.24377584658568643,0.36062940560672657,0.23329034756448438
5,0.3366818238718389,0.3167317068298807,0.2722945392965621
6,0.2819465838669178,0.29570059982170144,0.23791238745264032
7,0.3487551885993841,0.24022967629569847,0.1916962152919145
