Subject_ID,A,B,C
2,0.33628744585116216,0.3425086359206042,0.32819271038500325
3,0.3245387209804123,0.27993075889822966,0.2014986164683111
4,0.22806186974736795,0.3721182902740637,0.34292042804685735
5,0.3850749250433463,0.41893539502810667,0.4128406112322845
6,0.3338210224647578,0.29434047745012654,0.25312638393001513
7,0.37521937019641055,0.28528122634725633,0.21532868471901231
