Subject_ID,A,B,C
2,0.06754389126617266,0.08816335885459296,0.08516213008960127
3,0.11166735009574331,0.1107301960223843,0.0920537463786051
4,0.11309112603818873,0.1105012442411843,0.0846076038988382
5,0.11368838609593647,0.12568865571706608,0.12533884769742848
6,0.09163411998943381,0.1134973871474404,0.06577482812416537
7,0.15608433669673186,0.14713084950555896,0.12676776255553213
